COMMIT,HASH,MICROSERVICES
1,ae1a16f94c05831f720e17af87ffde6d8e96bed2,set()
2,d273bb66bb75575a4e5146abf755245ee0bf09cd,set()
3,7b94c24321c49a6e785ea46c17c25109fa5229fa,set()
4,afc831ccfe299dba84f7b14dbf44f1799aa7b9be,set()
5,7bf15b54e9690cf2eb9433e9f7a84c1c294a01c5,set()
6,d294975612c59f3bb78f75e7b819646e5b14955e,set()
7,9914c0f6b413f35336d4746e00a45cee422f9d19,set()
8,d24011c508210eaa40c31d5c3521245d289986e5,set()
9,6e772408ecb42a2809589d0bf2a94d7f4811b960,set()
10,5349579854d2fca580234007549198b220c6da05,set()
11,fa4dd009b393dbb0962ccec1e048e484592001ff,set()
12,49c4e19c34780089a4e426b597fe82579235c026,set()
13,fff1116848edf8a00759efe643f616c1a25d2ff9,set()
14,5539d06bb596dcdc329a3f8904888688ce68d27b,set()
15,0dc55b878d660e4b299764de61d86461828add23,set()
16,689a88cf496e13d37ca24b64e82abe25839e6937,set()
17,76122b891765f0af1301cd777f8e5023a96d4a2c,set()
18,822250a94bba5cc771d24655ac8927f082d7dacb,set()
19,a351025c91c08d97969d657076c1b22b8b469a88,set()
20,152c4ab6bab47eb6b3345f40cc5a145d59c68e20,set()
21,bc75e8d96b029e43f38e7b9f72710f61691fd630,set()
22,c333b822564e4f2fd6002f6e3206eaf8652e2b0e,set()
23,417ffb4645fec39fc044579ab30997905aaeca8d,set()
24,a8a5085dab1575a11fa92bb4c36b2ec513fd6c6b,set()
25,33dae3b68d05e18a6ff7f74f569b7764e176b1d4,set()
26,e778bd7f5b124b7319b906ee5be40d0e12164608,set()
27,3f5034a102bb652dd02a26bb92a1a3b7651ee1e1,set()
28,bfe31d114a7ab3e8fc4f780537586c8a5c474567,set()
29,87a23b15f453b77cbcbda59277f77ef446a910a7,set()
30,9448baf2afc2111266a78a11da87a60712d0a01a,set()
31,85cec2795fd2c56184db2b7063101c664448b5fe,set()
32,7dfa988a25072bebdefe8254e96052f6c11f82d5,set()
33,8ff6f72ccebaa508101f40fe76e9fda026019491,set()
34,71b9be4ef5a76e9c5e3f81f0538cbef726f9de39,set()
35,75e4405f9f3972ad8f17970c8b11b28453c93775,set()
36,ca34278047dfefbf9dc828702ec97c46e354d3c2,set()
37,979b5c839daa81ea69adeaf0577d8b0184d9e0e4,set()
38,1ce496404a2764f7ab991fd21758a38addcb8369,set()
39,d868935737bac20fcacb6ade8c877f5dbab5c3c4,set()
40,ad8a59098398db29e7da057b39f6fe08637e608e,set()
41,2ee925ae00b1a23566f6bac788a4c0be9b0ec59d,set()
42,78ca6681aed954de458f58ecef07f842b2c9ed46,set()
43,69ebede8d6aab6472f4b954068bff6ff0864f087,set()
44,c477f5d569e8a212199dd1bddbfe5b95a896c14c,set()
45,94edb20bf9d901e3939e1cedd29395d93e9b991d,set()
46,449e43d074eacea23e8e1bbce18c40bb66afc5fa,set()
47,5759983bbc38ef0328f639c7499e4e6b92327943,set()
48,78732ffc817de22364e1c316a15a6ed48c98c7d2,set()
49,547b0637dfc3fa337086487b471c8d765013748f,set()
50,0ae34bcfbba7667548af06b544be7e502dcfba63,set()
51,72d339e8691fe55f3f3f449101b7c6c10ee8e939,set()
52,f5c9ee590d1666d8e16909ef4c02e47990629f50,set()
53,bbcce7400ea058402d2d807653c8117b0d774182,set()
54,0a9b09358c0887bd82fd36174d2af3789633595a,set()
55,8fad5ab6048b6b6d1bf36f973c95765a6e0a066a,set()
56,dc9b8379d2d73bf5749b877559ef9800900db7a5,set()
57,228354df44155735a331f2595998539b55b44a38,set()
58,eb05ce60c62bc63922fd8400f418ee087ca7486f,set()
59,b0ebe353013c9e14b207fd0f698fa07b2c81276e,set()
60,cf5b5bab053b6a462579d997afe162d1410c4cbb,set()
61,9109b2c944e2a250f8809c1fb1331b4008ece042,set()
62,668e53897f713ba98f287935cbfe7c6e5fce3119,set()
63,ac21df7dd80a8a86178d874632d1b959d5f1019e,set()
64,7cfc66d5e42d3bccc27705736043296ad9357e11,set()
65,292900dc428c3d84f02b320227196f974894e377,set()
66,7a52e329e4d3e81eeb8e1ac75f8202fe6fbe7768,set()
67,3c1039579df5e0b833dacb27fa0801ea8136d23a,set()
68,a6ccf3e724d6b6e76687f78f30af5456f2a32628,set()
69,535dd40eb6b8ec17744fee727bceb00504970341,set()
70,c0ba0fcbd20eacfab77696390750fafdc85ef357,set()
71,88e0119af28299f1355b69af0fba157c47643ea1,set()
72,f9eb446c2c4f9e35bed3d276b22dc25f1a5d5a17,set()
73,a7c7868930cd51d2b62c2734ab37bba8bc604ac3,set()
74,16b4a20d61601d0a858d9e542a2a026f01270a14,set()
75,96f752a259d0f5230da900aa4dc93d7329127282,set()
76,070ccd21f6742e1505f7187a7ece431dd5dfca74,set()
77,0a72d0ba862d1dd58e72e5c353491a110af01f00,set()
78,14d7e7538dcd4bbb4862ab4409f8a2a7b8f96c90,set()
79,da5c9144a81eb0a5993be56a4bde2472f9a6d9cf,set()
80,34880c62196bf6b7a56f5cefb54a6d9abf19ca61,set()
81,126f531e96042a454729d87d8c4718febd757124,set()
82,81742b4a10bef0aae0f791a5938a6ed05bc31aa0,set()
83,d0cb3e5e175d4b36528a7a8149a74dbef99c38d9,set()
84,e56116bfb0a1d7299e7baa7ecb1edd5ed406328e,set()
85,7eafcadcad4f53de54b44d730423c178c9694592,set()
86,7f3c7eb125b5b09d2cffaded29f1858f9019ea51,set()
87,d3323504527e4f621be409c0311e783e35a2581c,set()
88,14da470a06f420a1c00b49dd1b9fbe9db9c287e2,set()
89,7b794fb5504ae60277c3f92c083cb5dfe22fd711,set()
90,5a1776e0de790a178c5857172694b43f8600c0bf,set()
91,85476099ed3db2b62c87312db7ffb98879e60f9c,set()
92,012a828dd7b603c9d699dd533e936490451684f8,set()
93,f0357bfeb46c6379d89e193f2fa5c1c2f947e2a0,set()
94,a554a4a71bfa66cd6fc9d41051c5f4acc098516c,set()
95,214db13d647198f5effc1a9e122a44e9eb79bb0a,set()
96,c4a093a4a1de609415c702f71037de6d81d2806e,set()
97,fe2e165e7919c5763179513bebf7546d722f9d61,set()
98,ac05aa6280008326464c0e05d20c903b9ec0ee7e,set()
99,cb898f04a06da16506c013cca6a3b18ab16cd574,set()
100,43a3d79465171735d084b32afcbf30521db30e94,set()
101,f0e3b7726e1ea1b5bdb62e11a1df60d37a8fdef7,set()
102,d754fa3cfabbef585b4222a0e6b116c79353b54a,set()
103,e8aa24962be4c570ff4facd63e1c679b425929b2,set()
104,5d705bc900976be7761a36561621a86f202e21aa,set()
105,40fdd301449ef6a0ae0c4f6a32ff836cb5e66662,set()
106,e9777164dd21970b3cce1877628f12c3f8280a31,set()
107,e54e06219b4946399512ef4f55ef73107774bccb,set()
108,2962e4ec440e656a231baa39b76d258fe15d851c,set()
109,b0432683524a157231cec9d6c9af617d19f1b983,set()
110,71ef86d2f3b7a551051cb731103198554cc75bdf,set()
111,943c4603f429bf8bf4c442d7f360c876b4a004ce,set()
112,e6d69c052841d7b18744f76a82331b9ca0a1907f,set()
113,78e79fff30d7a166d6769f4349b9948cfd1ee9a8,set()
114,61b7e020c7da905d26efe754aafde7ef67b5fcb9,set()
115,b82d793cf18e7f71a46b131b57b583ab2a8cd262,set()
116,c8ae638da45cebffbe26eeae88a73ee84349518a,set()
117,c5d5259629270f53183fbb29b7cc1d76b396c363,set()
118,d1863f3f2c9230d70cf53ca9988dea2b5f5182ee,set()
119,bb2cbd59308157428aac11407fc3be6e00754694,set()
120,abfff0d196d26d6d3c4431a91b8ae5acd98db007,set()
121,025ee375eea6ec7c715be33c6ca59717a48169e6,set()
122,5c2e57bacc026ee51968b243a9989e0ec009ea02,set()
123,034596ff36b38db80df29a4a97f8a758af8e7025,set()
124,4ef9f2a7c9ded79dd23278dc6c197e84a7155955,set()
125,3e92ab4cb592f5c657180a1e673b92a45ca811cb,set()
126,c474b8e4d5fbac8033642b794f76ba7ea1ee905e,set()
127,bfec48af5a34691bd6317596de73d029fd195b21,set()
128,d435d2b4f55330dcf0a4311e2572cb30e408f943,set()
129,32ad66ac8919a43ba5561d2b12743939f3285e5a,set()
130,ca6a0c6edb5f529e6bb15bffa0287f4cd105bea2,set()
131,e82e8c42a768e2938a63d20df686135642c6e5d8,set()
132,0f8ce17dcb85316239fb0ee6132cb6e87a1d8d1c,set()
133,34663f4e81d49b688ef7783924b509995653a1e3,set()
134,1a500933e248d09db8a03a042acc3ef9642da605,set()
135,7e4b55b19dee625b5a1f7b2ee9f86687e9b88461,set()
136,e66160f91af2222934aeb6adedab9d88d1f19421,set()
137,86bd770415e435c142e65810519b52f44a292fde,set()
138,076ee7c200d4538da636d568fe6d13132ac0af73,set()
139,29d24e23747e4aec46f363b885c7cef2ea05bc5d,set()
140,9524d3a3ad4633ef9007fe0d56b406b73fccfba6,set()
141,fb09bf54104e1207195cf71c49185a6c16762ab0,set()
142,d08e90c58961ca6e6a56afb25f800c9d1977085a,set()
143,e874b6667239142f42a70ea3d30d42e8123179ba,set()
144,8e2cb33463f435ace481668cfd58e9109a6a58ad,set()
145,6bf96e9b150ee2dbc4c3e74a60a4854e826ecc55,set()
146,fffa081d8ea45e101ff28987e1f90aea6f2a97a8,set()
147,c7547e61d0cc40fb91c4364409a741f463890463,set()
148,a5375311a343c466c8b55a69df1f80f269ab3133,set()
149,7a76c9db366078eba222a9d88864c721a3694b39,set()
150,61473b16f11b246311ba4adc3a7044b6eeb3069e,set()
151,47a8560679a7237aa8efa156b726851c328f4655,set()
152,b0261de4a61225724c5926ae980886f4e9639aea,set()
153,1e86369ffe55b554b65ff288c61cf32d8ec5eb16,set()
154,c4c8516c73fff0df2a9d15a7f32323a2aaabeac2,set()
155,d434a011c45d5cf73caa394c85a74cfbdf2c2368,set()
156,64c73077197c767770491bcd007eb1be3ff9d057,set()
157,8931b41297ca2ce02d94704a9fd6a42fcdc3fe22,set()
158,bec09f3d0775b4605005272411561d8f06c3d98e,set()
159,e380b3c50528579830fbaf00849a158448690f94,set()
160,e397725db744144ff0e53b0d9ced2fc5ea73d519,set()
161,4bcb5dcaee10c97df61e51301b5aacb32084842c,set()
162,6555f8de345e9b23d31b4c3a6a3a59be08f9b3b0,set()
163,188dea5cff48d6c125245f610852c1d29c8a4fc5,set()
164,47be4f25626b03d8b6e7f542405b33a39fe57b9c,set()
165,dcef40573a2a94a72b013843133d3ced4a3c908f,set()
166,db1b8b77403c1e45ad170c365a34f720ea45a08a,set()
167,2442b046b4a8aff080bb1fdd43a0dccd7ac28f2d,set()
168,4a20dcfc5cdc46b8fda28e4a06ea9f785a7a65e2,set()
169,740b12e275eb867f35a73acee370bc1713a5c4c2,set()
170,c82a34a10fe121d43d7df0b4d799eae24baad979,set()
171,648f8c9e200d717aba09d7efc6d89c667bcda44d,set()
172,e1cb205b2a08e339cb05671348aa6b99777f79e8,set()
173,552ff6fff22bfbfd44ce97b7febdc7763da8f4ea,set()
174,7cc9a4bb25fa866688e4d776a0952c8762146fda,set()
175,2003a55f4de735b7949aebd1a4585024bbfc60e0,set()
176,c24b296f7bd91768fc4947ccdffd136208f2688b,set()
177,a6897c27918441784185269cc500514d94c51afc,set()
178,3776c79a07e4e7349f143aba9194df2c55dcafe9,set()
179,767a8ba020353bc7091b12185b4b8e5771b31bdb,set()
180,a6776e48a7045d2e5ee7925f9eab8a94ea7f22bb,set()
181,5d167a9f19fad33a22b2c0eb54a3dda7fbb0b891,set()
182,ab7b7cee744b8e2a98f2a0a79edc33d9edcda3aa,set()
183,9485d7fc23a0762eb09df30f722358b1ecffe48f,set()
184,44f572ebba765a05d5acea5871df33103feba053,set()
185,8e1889b906f6ec98b3075755a85703d5b014c3ab,set()
186,51f0c93e6ccaf90a34bce80c866909ee76f3d5b2,set()
187,e5c10b597fb6fc2525cd55c182e4f37921e98819,set()
188,234d4356462ea679e806095b24ec4fd53c785579,set()
189,2800cfe23399de0d0d33eec6b9ea6775ae8562a2,set()
190,0a555bdab33a965b9d0bc66e19d24cf8faa9b7b9,set()
191,be5d74dbc5c7aaaaba9f19223cc106d138cf666e,set()
192,4f53be999ea11ffab28bca1de0c0cba3a33af743,set()
193,b46bd39053cdd076e4e88ea03253784ef1619e40,set()
194,16121f63c1fdfce6e74b8957513e82cb4e24df01,set()
195,b66376a20d34a3f71edc12274bbc1bbed5d390c5,set()
196,5a3c9f96d42fcdf5e5d5e6273b269c915a8bf540,set()
197,82405c830289df213b559e179b69613ccb8c4e12,set()
198,9b7632f66c55d5490f6d113b6e1161ac60c74a20,set()
199,c05f542997772d98d32fde142b24975e93a2b37b,set()
200,515c913081638f62064aa2a0774e0733abb7b897,set()
201,43a7d19b0629bedbe19071fd6ea848315bdba087,set()
202,2cfdb6e701a16a46d26d72510d9d061f20e49207,set()
203,459d6cdfacb41d07d075b681e7e5a6c79561df10,set()
204,b5f98f625d73b67180b896b99642642a5a0cf387,set()
205,35ab1f6fb9c7330455e25fcf8b6f30958c9ccf71,set()
206,4f5e3883e889fed783d7c911325342ad66aaede8,set()
207,92b27cd0dcb868765a8736241e2fadd45cefade3,set()
208,5939f27e27facc2f1a96661dc04a652c20a9ca4b,set()
209,c6c5fb33a6319261c8c4d5db41a87999c0930fd9,set()
210,178f88b795bfab001cd182019932c81441e7648e,set()
211,7bbee0365f90ef6a252785a1d8b26890ca13b8de,set()
212,e7bdf7ee6715c68a67ca83d0252f004d5ec1fbed,set()
213,ee080ad2965968e9da2099f5e6234109e0e15653,set()
214,49f12c2547283acecaa5692629c01f6f695641b8,set()
215,5ffe10db0586008299f37e2c8dd7180012a36064,set()
216,3ea4306eff307e921f5eb5a958a3e70c43f5d68e,set()
217,5972124be10c91883ad74ee51a6ef50108384e74,set()
218,9aa376bdc09038602741f844b63e026da44e5574,set()
219,487b4c5fd6e62483b4afab78c55a6222af9c3273,set()
220,781aaa02ba89a013ee1e0b6bf56f228ca9aa2180,set()
221,386c4ec713f496715d574acbde4ddf757a9fb7ec,set()
222,6c83c107aba76f3359a84c938beb1b1e5e1c127b,set()
223,9004b5478beb0873aeae1c45ca31c0b9e837d5f9,set()
224,94f10d89131740bb4ce1f3c9bb6baf864ce04803,set()
225,d29e677b43a52c9879d83df9e3d02b53009593ad,set()
226,3520c27f7886fee92720b91286a78679a887eea5,set()
227,5fb487cdf6d5f1af05c14efd5d82d68b879fafab,set()
228,7c1aded79086c077da3706ad6962a418e2ecb9c8,set()
229,21a06ccec50fb8f06a7a6c0b3bb69573825e4435,set()
230,68bde3ac45c478e3c7c7be062baefd2f776a1a01,set()
231,fd22e29c87d86097bb944221e7778262c44436f4,set()
232,b98e3ef7884c24c76e4a2a4ffaa7db78f7266e8f,set()
233,28bd4947b92aab2cf1a7e234721e17422d64e5d4,set()
234,2455bc11b2a6d67cb40126f8cc904e4fc4e3de34,set()
235,0b80f563dd00d41324283d858878c2116128b093,set()
236,667038049d741a724b60b616dd0b2f0d1c9ea811,set()
237,ea8b2ed56ea57a0f3f16d4b54dad1a9320711537,set()
238,bb2d25ab4a3fd49f39fcee562baa33fad9007851,set()
239,55560eff757e1fcf4204bf203839e1537a5fc2cf,set()
240,90ded13fb836f7806df9c39254efc6ba184acc70,set()
241,9037af5d1e8329ee653e459bc11cd0e2697d6e4a,set()
242,3ea6e884701552baa487a42f94ef3d81346eae87,set()
243,106d8be5c81b448a3637ce6d68f52a904e13396d,set()
244,ca9210e106accd930f4f6684693f5bf4bd326348,set()
245,aa43baf93965055bf6badb235fef425d6d88e722,set()
246,545dfce0832acb63fe530ec3dbaef1a50e8c06ac,set()
247,e79f7bfb2835727450c80825325c580eebeb291b,set()
248,dadce544474b9f49c52d1b60277ecd4decc2ca7a,set()
249,5cc6b7dc1cb48ff77198f9de2ae1f93d5f11dad6,set()
250,b804d24e05af5c21ba6162b68aa572bf8f2ace46,set()
251,c4ce41299794865af3fb4e3f12fb30c3589c5ff9,set()
252,cbaab6a8988995717ef496ecdd0fbb5e805e25f0,set()
253,3c8b978a6ccc14db2fe4bf4be8cb4e889e9cb6ed,set()
254,5cf7bf8a2bab376c93003b54c373b88d56f1085f,set()
255,a5bf91d663d9efe6b1e7c0ce2bc99f762d761af2,set()
256,9c774bc088e6c2f38a91286be609676ecc164b1a,set()
257,37c4a2a9c3de121cf9886cf152d6484dd8f937bc,set()
258,50d4ab54060dd677b57e263603bfc6dfbe88b318,set()
259,51f5ea6ecff54252b24061d26b891d9106dd68c4,set()
260,9ecba3f164ff376ac95b232437c71588693f8a15,set()
261,c7b0f2a98db8e81882a259cc44a33a9a2b9bbcd4,set()
262,f7e934974263e1686a98271c9c34b0e8e6db45b6,set()
263,661111b9324a3ab49300a397cc80a5c2cebd777d,set()
264,4b201e58c3ef8b4d3f6f17607b9a22a9396b6fbf,set()
265,15b13c69f97a7d83c11756b82246e1ecd517def6,set()
266,1f1c7719c1b3480dce1c4ded33472469009d3a0f,set()
267,c2b95817953e0ba9eebb12d66c4d7d68b6301d60,set()
268,136dd5f9872e7bf3c67ef3558364c0e33d55d309,set()
269,a2e783d333e5c596f4d757e654490ca876d44031,set()
270,cf0ada6d51d8746d7e2018fcaf069f5538de9c3b,set()
271,2fa53fc11e8743b3888d15f0bd796b07a4ab325e,set()
272,1f6f0bd745ca51ae9979d667cd8ea203f055abab,set()
273,fcb1643befdaea008f0cdf4884f0622ffe066511,set()
274,f98c59a8911d42780ac15a10881cafd318e6a171,set()
275,9369788ced826a25fd7fd84673a8eb03b9e4954f,set()
276,83e1977b2f384239b219074e500ef6d3f06e4e87,set()
277,6bcb2872c302d5af43b4e585518602812528a606,set()
278,ac8753e19ebccbcefbcb52fa119245fdfcf60f5d,set()
279,4063325ac134d3a8ef555150878e4250f350b95f,set()
280,f06a04ff86abc34395b22c1a031148c9c1fb27b3,set()
281,09b571c87e090132c5e57cd93514ceac587488a9,set()
282,8ea413da0999cd46e7e226e102c7ece04ee3b999,set()
283,6af5a3bcf411386ece2c6626365fa2746a71f9ad,set()
284,184093b14bec04f7fe01dce6f34174f14d943264,set()
285,25bcebfc5938a8cf3c43c381d859f662e194e863,set()
286,4242f59c3fd8b413701041318befe899c2cb48fe,set()
287,1ab2ee68affc14dd4409512a8cb6587aac24637c,set()
288,7e6b390dd9326585b4857e669842df2aa586dfdb,set()
289,1d5d632dd89a7f5c44b9a7088142b6d7096d397e,set()
290,c043fd38afb38d69606a10a9a36af41d941b9fca,set()
291,090851e57a784a2c77ea70c06d1f18a19cf9a7b7,set()
292,f67e3f6f87d8e5c2faf061cfdad806f56aff8eb0,set()
293,c47eb4a1db5d3192b9cc3c1635baf6e774dedfb2,set()
294,caf9f7b9dd225d25914d1e739e5aae385aa6e4ec,set()
295,f0043a520bd5432bfd8c05be6ad42432b93ac333,set()
296,7c3ffda0cbe7df932b5c97072f5dee0ac983f9dd,set()
297,247fbb02df7d9fd0b15a170ec7456699bdb3271c,set()
298,86bcdd57c2a5cac77112963bb8b933af352d886c,set()
299,f0b49233a3d7bebb741d2512ba7155d4efa88dd4,set()
300,5ef8c91c3cc2cfde90fe6c5bff6054ca1b5009b6,set()
301,775e3803180fb80864eb4b8d2601a3486eb3a83e,set()
302,345ba7561c60ce8c87328ad3833964542ab8d67b,set()
303,e727811823e0110c1f3df48414b74fcd5895a960,set()
304,838f96536c4890d1c628f26f95f829d2ae85f5a0,set()
305,3d9ce2607bd79341c5bc5abe3bcd02b209e7f384,set()
306,f0619949bca42900986b50587281e3ea229c69f3,set()
307,83ab82407ca7c2b4bd58a9d7cd6474d7fb718482,set()
308,d98d955faecc748019e4304cba12ec45b7570f32,set()
309,d7a782b255d9d4601473d2a0d075e70fcc53e551,set()
310,29554c3023ebc8d956952a14fe060a2dd37f7ed6,set()
311,0ceed6d94f9c6a84815c72c2088908bd33e87ec5,set()
312,a11b90275cc114998a42ec5ae80c79319a91c464,set()
313,4745f2393cf53e78c3fded25dedf9ae2a59e2f34,set()
314,80082a58c02b7005769c66d396dcabd2b697975e,set()
315,a5ed9ab94e913d88c363247596ec9cb4822c05d5,set()
316,d45b613b618bd1fec16c9ad71080aee929faa1f6,set()
317,8cd5551984984c8e5a79ebe94b232d4decf96156,set()
318,4c243455b86c7bc62bccfc3285abf6f0c1f5bb38,set()
319,e181d9bf07bdf9fb1f20546f42e3fa03d33218cc,set()
320,d60dc128c47841f7462243ab23dada1f721d43b1,set()
321,80616f0090a32c9516c71ba9f1769ed59e103973,set()
322,65be51cb2bfaff134d481484daca2c554de10849,set()
323,d866400e917ce8b56b6560076c620b10bc94e696,set()
324,9091749a9df5d866ab35cb84b131ce069b2935ba,set()
325,436e7eef7e599f506d78c832decc1461c4da3379,set()
326,a8f89df7dd6813d66d45671858af704ceff2be28,set()
327,f07213185f662abe43303c1f7f63ea7245f444b8,set()
328,db45fae8d64924c4d041a9a418c119a8df741c84,set()
329,2fcc0c9835dbb8c0c2db54f888608891f72aa308,set()
330,71ddff31bc2116b8a1faa58e76bf37e423ee7f77,set()
331,21afad2b70c19e3b6e6f4bb99447aa7f33195ef1,set()
332,fa602802fafdd6f9bb07628fbda1b6bc2a5f817d,set()
333,905d18544520b6d4c4b459a54d876596ec8a402e,set()
334,2cf169500bcc0d0de30523e21166c785b24569df,set()
335,d1dd58967210842de0298e80f70f3c0374686388,set()
336,ca390c6858100b0b3f2d80f6a95572a36d3141b2,set()
337,e90ebb9e33dea5acf47d84dcd0595d8ed18f3e97,set()
338,bdc88e6e91fe2a562a0fb8ac2e4a4a57983b77bc,set()
339,4c03be5d1e9cb97e0ac4244b0d5b2df1331978db,set()
340,5a22b100b25dec9b457d036be2af9e3d69da99b9,set()
341,fbd4024d10a5a9178f34fd231962fee3354c8514,set()
342,ccd7b31a7aebe9513d3f982224edeac4db80fec3,set()
343,0efbf5ead4f21767a581943a186c3d562ce67e65,set()
344,9581ee76469d79716670215ecbe315823aa34320,set()
345,0b45e4707461dbe7523f34e1b4209987bb8b472c,set()
346,aa353caa67a1943fefc2b28822827cd85c924b58,set()
347,4c5903048c0830286090c95e6bffa9f5a0b7df45,set()
348,33a55a08e04a3677580b72dcc298a8ce29f52989,set()
349,eaa36113a0228a9f27cb13adb68bca360c0ef327,set()
350,f1becd3bd0c2584faee4ad0d9bbae2ee11031c2a,set()
351,165e29232832c636219c260bdcdead5fd14d657c,set()
352,b2384ee7321e8eae07e47421e856964da2b15edd,set()
353,e80da6d5e0e8de91cc6e4b5279454a4866edde10,set()
354,d71c1216abe16c7981736d200a5c7f04ffde604a,set()
355,53a67a13cb749cfa64fe34e98196b878d1e405ee,set()
356,9d8c34027f9bc864c2ad45fdcfac081d0fdc1d46,set()
357,0328084ad4ed45fb41a3a04207921d36a47f1a6f,set()
358,b5495f847c7b1be48c0171286f61a6b952657fce,set()
359,7316800e1f9ed24542d75f53a1336fcf058d81d6,set()
360,31b808e7431f17bedb0d551d5139358ae94c50b4,set()
361,48eeb4cc68f9fcc4636f634d8e6ab9122f2f5b0d,set()
362,b1adf4c6506c61ed96b9634ba3b2710f6e5e2091,set()
363,0721142dee0e7fbe6e149d7e13b636852d5c978e,set()
364,8575a44f0ff598d1cf7046b2a6d7f774faaa1d83,set()
365,052279458af3fedf7224f0d42fc54cd6e9ef5e53,set()
366,e2cfded352ff4f8dac4581074813834f40208d03,set()
367,4a98f8c9e42c7d890b5dc435801397126eab78c6,set()
368,81deed0964904496c98cef8920dd5165a0a20382,set()
369,643ce3773a26db306a80f0dcbbb20b16c49e26e5,set()
370,f2116dc7dfa15d85e82b4728fd05086e450cf7c2,set()
371,6a2fa13cdd1b819c68742a68bee307491de34bd6,set()
372,0e899d49dc9d6d65e1a38284f224eec938b81234,set()
373,f048f603d01c85ad921202fc48513368d0f974f8,set()
374,b7ad25efe3642624a35b0538254db072b45d14e7,set()
375,fa38ab36d4635ce5bee279e1ca3e3ef5fc53ab42,set()
376,1109eef191115cc57f09794f47f4aed5e603b54e,set()
377,55292e2199f2fb00a165b1f7d3045fe7f8922038,set()
